-8.874547510807258288e-02,1.332604915262351475e-01,-3.349381610291350397e-01,-4.207453427905628041e-01,-4.542345511789147583e-02,5.471579723643550663e-02,-1.272008647815013049e-01,-1.473576082299468404e-01,-7.073842159374632566e-02,8.262117448389344476e-02,-2.354696246289191830e-01,-2.771586882523373596e-01,-2.238874736328059223e-01,2.884559086493788671e-01,-7.511994452611441275e-01,-9.566636978098965738e-01,-8.518638475868868520e-02,1.049880463240836781e-01,-2.978850980423032868e-01,-3.671804579590824402e-01
-6.489870671575961869e-02,-4.057182756131961776e-01,3.413228894329193852e-01,-4.651711488779075032e-01,-2.766617455578402468e-02,-1.352841057135519276e-01,1.421387449919536972e-01,-1.818375459518026815e-01,-3.262296349103119969e-02,-2.462155490476617692e-01,2.366702767591017942e-01,-3.118380965801533788e-01,-1.392571664201108783e-01,-9.359696594220605625e-01,8.387622193570108964e-01,-1.084643437521809251e+00,-4.334636096749034523e-02,-3.572228450631946273e-01,3.079936436315308668e-01,-4.241963992967805464e-01
-6.516460195076044792e-01,-1.824465180721794588e-01,-1.191878574726293744e-01,1.044463680690486257e-01,-2.600872748536817158e-01,-5.723040037623147031e-02,-4.720462878734779655e-02,4.316958522465191156e-02,-4.168359824340358011e-01,-1.099939206768871525e-01,-5.859454348388855316e-02,5.056315942916706635e-02,-1.496313896724884351e+00,-4.300737809767622433e-01,-2.445541188462234672e-01,1.778364473408705626e-01,-5.716855372909801503e-01,-1.846061370608454433e-01,-8.759309952129797072e-02,6.921242634765609192e-02
-1.352202547739884964e-01,-1.027099420695403997e-01,-2.107857288318202432e-02,1.554493739091252491e-01,-5.001354329057074166e-02,-4.146249626303562252e-02,-1.502407956461137423e-02,5.245140175869938276e-02,-7.568247323130465609e-02,-6.839627785467260190e-02,-2.868828795486475652e-02,7.998769629522503588e-02,-3.238745150333454670e-01,-2.244331659048414696e-01,-1.006056475117545895e-01,3.513930659214461460e-01,-1.028263297550170013e-01,-9.463603779276802408e-02,-2.638514922405132967e-02,1.354238302748012324e-01
-2.129925556974065493e-01,2.272944503033038355e-01,-4.099946725702027228e-01,4.701690816636497905e-01,-9.185620228686179611e-02,9.068794286352264977e-02,-1.346844197203707072e-01,1.829339376744494594e-01,-1.409690316522604903e-01,1.407119504106062458e-01,-2.553494586159208435e-01,3.125718660117385306e-01,-5.120371441471972540e-01,5.407893958514616850e-01,-9.179035985095034267e-01,1.089319647697109428e+00,-1.961830504016757182e-01,2.089207911824190467e-01,-3.496154101680145065e-01,4.244117812651361232e-01
-2.374744340019717681e-01,-4.421413004898380739e-01,3.808317950190425738e-01,-4.566800129652818230e-01,-6.835088191087265730e-02,-1.431431244204542652e-01,1.386076905325221986e-01,-1.617087216541705508e-01,-1.543826501114856919e-01,-2.625159219209526329e-01,2.280084894023908237e-01,-3.104702897758599422e-01,-5.336711422315533193e-01,-9.510344883583710107e-01,8.471943089775607616e-01,-1.086457003788586784e+00,-2.052876180896543168e-01,-3.720831465493241175e-01,3.214597920299052669e-01,-4.365736104659226902e-01
7.111426452095635786e-02,-1.060994912122509709e-01,-7.697310645207186552e-02,1.622106093055683818e-01,1.888308087646510883e-02,-5.011350122009363556e-02,-2.856182621099660063e-02,7.572006339604252234e-02,4.625752369458335789e-02,-8.313333489133838128e-02,-5.212764474893194500e-02,1.027041259734829959e-01,1.653284308361127886e-01,-2.646456505181327690e-01,-1.894173414111833820e-01,3.452480020415849005e-01,5.401390840308011032e-02,-1.021389091488053291e-01,-6.600403809599056371e-02,1.354309469043794567e-01
-2.020763761146613380e-01,-3.299970856261154051e-01,-2.437683552032168244e-01,-7.065411226022735303e-01,-8.132809127931361903e-02,-1.139763222654458646e-01,-1.115588850600994775e-01,-2.819173208043270207e-01,-1.204039225705366700e-01,-2.086090266605231391e-01,-1.691870313094090972e-01,-4.563529842278712945e-01,-4.663346906826609795e-01,-7.271527270503429508e-01,-5.639158831574488939e-01,-1.628565099745378886e+00,-1.515043647226553269e-01,-2.589565307006671535e-01,-2.142023179612107531e-01,-6.308021492405538888e-01
6.940879325004183364e-01,-1.989673177817210259e-01,1.869235105840826305e-01,-1.445441106703540257e-01,2.516378624337936576e-01,-7.975244784763518835e-02,7.949524366785129526e-02,-5.906622067655491887e-02,4.504805153660522143e-01,-1.217966394288323984e-01,1.398678549541645388e-01,-9.659994394517587568e-02,1.569223919333729622e+00,-4.453792913187696323e-01,4.624630611484640275e-01,-3.325562518411095958e-01,6.003834486900386791e-01,-1.716271608275099780e-01,1.653058686190598814e-01,-1.177963264283095196e-01
-1.173398242549667826e-02,-3.452744848569528346e-01,-1.369901562838629627e-01,1.752650253699615801e-01,-1.010335420345757733e-02,-1.340063427856656997e-01,-4.828433566782420333e-02,6.509968137856815551e-02,-2.765328777034654559e-03,-2.137709446768036314e-01,-7.076620810235036141e-02,1.140846964718734702e-01,-4.468925917836515799e-02,-7.820983955420008904e-01,-2.678714879095436818e-01,4.303880323225175997e-01,-1.175355421528287425e-02,-2.923469703717790913e-01,-1.143106079878934700e-01,1.539648911676214926e-01
-3.275317583887067674e-02,7.933909563734699300e-02,-6.254477060354224349e-02,1.516764356211803277e-01,-1.587811299348983532e-02,7.401872366678975690e-03,-1.029691991339714424e-02,6.766080816839631362e-02,-2.532432145529823694e-02,5.066473780332760024e-02,-6.297818836891919125e-02,1.241689961883498255e-01,-1.133306128722052081e-01,1.711715282773074442e-01,-1.464019086169234540e-01,4.207963607283807805e-01,-5.932366867060592797e-02,6.177444307690520969e-02,-6.462263465196640966e-02,1.532911088882987771e-01
-1.888936482300696829e-01,1.567670001283456016e-01,2.735724564995981045e-01,-5.948290798195334794e-01,-6.907612173040900139e-02,4.566682017840319185e-02,8.723724810359355375e-02,-2.133757397489142171e-01,-1.090275945977849520e-01,1.173813989042162276e-01,1.732493941569967499e-01,-3.997649364466693278e-01,-3.991546535391960471e-01,4.170306531591037591e-01,6.266261437468286788e-01,-1.345226612400397537e+00,-1.490070347786841831e-01,1.511864469362656505e-01,2.298010669894453017e-01,-5.332215325457574373e-01
6.960729350101256818e-01,-4.205746549307291526e-01,2.767726435725730849e-01,3.751233525669754876e-01,2.712016056187683821e-01,-1.778163992114177305e-01,1.226606882009306648e-01,1.447087021324913181e-01,4.831633187967671605e-01,-2.658929911026279846e-01,1.856648098658846835e-01,2.269062003905300273e-01,1.616653409204033220e+00,-9.561632746882172684e-01,6.688990389134830128e-01,8.229284057067035585e-01,6.192553803806574164e-01,-3.770808286075042481e-01,2.334417112579172116e-01,3.318009761697698345e-01
3.564925415726186153e-01,5.634226224847137532e-01,3.582910150615860601e-01,-4.622936056040596875e-01,1.340543178525418766e-01,2.115359163124455599e-01,1.297244802605541647e-01,-1.828894377869021426e-01,2.339773134208824046e-01,3.883172732145574457e-01,2.542137126136428393e-01,-3.018257356044428130e-01,8.448971336132591325e-01,1.275317823305154530e+00,8.580604352987868388e-01,-1.067922984220297078e+00,3.239059948104496822e-01,4.971985059680948948e-01,3.134302600541779005e-01,-4.296114921324716285e-01
4.733759932486339417e-01,-5.599860379168364322e-02,-7.290385948679914963e-01,-3.454312461142048929e-01,1.915137734114427115e-01,-2.043661199548839347e-02,-2.863786350961540772e-01,-1.347640461530059675e-01,3.045122105739404006e-01,-4.043135043356532732e-02,-4.796233417243915831e-01,-2.188363069196657407e-01,1.074641169461308943e+00,-8.796900552159875319e-02,-1.685404697321875256e+00,-7.836355063832799450e-01,4.198308648614974548e-01,-2.839934085541970243e-02,-6.554325579282241909e-01,-3.074119646726120036e-01
-5.338210391566829971e-01,-1.222545174665393836e-01,-4.509017895814205201e-01,3.531046772999922589e-02,-2.133533828808963362e-01,-5.590144684982479434e-02,-1.933171297147896484e-01,1.895998041621497002e-02,-3.367696502160216210e-01,-7.502196662535975946e-02,-2.955454762354524090e-01,4.359578140593831086e-02,-1.196227497496465064e+00,-2.822848247928660403e-01,-1.097221854164910582e+00,1.057556638625887779e-01,-4.649644377458461153e-01,-1.234198532380673952e-01,-4.384608215670481868e-01,4.508090194010869189e-02
-2.085190424983468863e-02,-1.281822694921015970e-01,-2.117999777000365014e-02,-1.327499108390428062e-01,-1.519917172637055662e-02,-1.368994381521911746e-02,-1.776935218763159643e-02,-6.134406899944248870e-02,-2.530441099800526117e-02,-9.258657459633770626e-02,-1.712922728698848540e-02,-8.790135416113314948e-02,-9.225669724473513356e-02,-2.500128659013810539e-01,-6.009535097542094417e-02,-2.816360313200250709e-01,-4.614824179922961261e-02,-1.033431455606962091e-01,-7.817495966984770728e-03,-9.517552739861605271e-02
3.111400033745366223e-01,-3.018468548700088405e-01,3.209765047410425565e-01,3.275397381525043117e-01,1.344531011173727419e-01,-1.101282710398526488e-01,1.281712956594126818e-01,1.055826131864068818e-01,2.156076376138340855e-01,-2.141016348267539005e-01,1.967437733971628411e-01,1.962234617048995711e-01,7.339111152388614334e-01,-7.036049892756325308e-01,7.184453388969004317e-01,7.189444560092129732e-01,2.965476596672300125e-01,-2.724675038391208282e-01,2.845554062009296725e-01,2.618197646755086594e-01
-1.774729886233037124e-01,-4.961174407569813316e-01,2.900269305962641653e-01,9.306176524582973619e-02,-5.943384891606755260e-02,-1.927853033839308783e-01,1.129438388902628404e-01,2.502525817607953104e-02,-1.201284627607017985e-01,-3.262788261929893685e-01,1.690837413442108361e-01,5.099857761074733098e-02,-3.729172079685328933e-01,-1.147868962146272320e+00,6.277928169981691342e-01,2.124760775429009596e-01,-1.458476285931714078e-01,-4.334545692672796546e-01,2.462734072161319732e-01,8.255918403404551020e-02
3.184854685662548146e-01,3.162066729511312652e-02,-6.370954466754986667e-01,-4.973440035742413001e-02,1.114669765648879374e-01,7.964926919372295952e-03,-2.472750184224648262e-01,-2.925603762634557126e-02,1.985191259377650785e-01,5.082538037659220520e-02,-4.320284440070569776e-01,-4.330839773493629780e-02,7.179294209682337558e-01,8.460009287759144569e-02,-1.489242767579934013e+00,-1.266193449518321634e-01,2.797529755179891664e-01,3.656504473025774110e-02,-5.737651296076681229e-01,-3.920354530996279785e-02
4.078968272095100100e-02,1.183449290191433134e-01,2.462516250210085578e-01,7.630637169560522404e-02,2.472735372085028624e-02,6.274970494790854669e-02,1.082094083932319400e-01,6.243834708731410554e-03,2.964273687121481843e-02,6.770697666662597869e-02,1.527641324129733191e-01,6.075999080998754909e-02,1.591371552611884899e-01,3.255080983637905767e-01,5.897846788016996022e-01,1.761222255898482192e-01,5.949959407372269055e-02,1.290406000538787679e-01,2.197258134003746144e-01,5.646568256915696082e-02
4.466653925408487491e-01,-1.640754236406375688e-01,-4.614320713811504993e-01,-4.857941406927517858e-01,1.794565950153758360e-01,-6.950955614594786502e-02,-1.718297563067909817e-01,-1.996915787946066945e-01,2.846437863636755994e-01,-9.807573031347495418e-02,-2.957886235130167130e-01,-3.189852603976143786e-01,1.014815649912975237e+00,-3.925491722995443356e-01,-1.079952166701105387e+00,-1.140100622399008889e+00,3.967432532663954792e-01,-1.539936719589544978e-01,-4.053665597703856038e-01,-4.267129329204983335e-01
1.452366396778102531e-01,4.390308775893847493e-01,6.350630444320916335e-02,1.983260249696231770e-01,5.335079321681622522e-02,1.621572537374007805e-01,2.810622695153378384e-02,8.459217958869859333e-02,1.009166121645213438e-01,2.664155174281140903e-01,3.972793162814606399e-02,1.275747711346946478e-01,3.269864635164712041e-01,9.712907786252636955e-01,1.762293593395998781e-01,5.025183220149124219e-01,1.371101028677680078e-01,3.789597460195748280e-01,5.096125016346344377e-02,1.908038217127205338e-01
-6.814138675809939816e-01,-2.407239415287161788e-01,-2.296960635843036946e-01,-3.965705938839305111e-01,-2.595019922559771430e-01,-1.073359094536253389e-01,-9.004981155213465094e-02,-1.475349806545444842e-01,-4.630906437302320100e-01,-1.622995768021414098e-01,-1.520684291188276471e-01,-2.461947707987649503e-01,-1.550394236940853876e+00,-6.039905834921137640e-01,-5.218185931451851944e-01,-8.927306320439882814e-01,-5.937025449510605624e-01,-2.462879000892521375e-01,-2.109080661590600758e-01,-3.474384715601626095e-01
-3.645488426916810853e-01,-4.180427370499652240e-02,-5.518384507935688577e-01,6.377673869435197818e-02,-1.355281926458327124e-01,-1.268111942287901070e-02,-1.945927484260997209e-01,4.505891216460988086e-02,-2.460871551770597021e-01,-2.839539960108766400e-02,-3.609868067803478353e-01,3.990672733812167250e-02,-8.409635791553485840e-01,-1.045673184916031256e-01,-1.260362796862365853e+00,1.530500142666421648e-01,-3.303438037178929032e-01,-2.967417630737181206e-02,-5.022322818567745983e-01,5.704078666691168864e-02
-2.577979110279371988e-01,-5.540964922249678182e-01,4.062028131974985690e-01,2.954765896657502999e-01,-1.135111788457460469e-01,-2.142834410690669100e-01,1.663293116589242837e-01,1.185225407629557637e-01,-1.768143114522316151e-01,-3.710447915057035195e-01,2.601052833379722262e-01,1.993372963390563080e-01,-6.016953026729868759e-01,-1.270243770395492522e+00,9.489550546817314691e-01,6.907938303365501742e-01,-2.295724043214425747e-01,-4.817856064382481929e-01,3.698146820876475616e-01,2.593012679595406711e-01
-4.470700277972869396e-02,-6.492121987475361899e-03,-2.701796284201634646e-01,-3.347573172163804678e-01,-2.379175404348203571e-02,-2.981978402249643029e-02,-9.496373060583948589e-02,-1.317764905996928471e-01,-3.044932185037921638e-02,-1.380595161087435838e-02,-1.964443025167930956e-01,-2.183405094947838132e-01,-1.502953167003934221e-01,-6.356397836506477717e-02,-6.233987451122755541e-01,-7.528558111148668797e-01,-3.623112849685170000e-02,-1.614167947903531394e-02,-2.180388216547136659e-01,-2.863314646633912663e-01
-2.390540782927377539e-01,4.029769878682183393e-01,-2.416870461257386027e-01,-4.835338355177613567e-01,-7.308495070194327703e-02,1.510023270888040947e-01,-9.546438017248647101e-02,-1.884660457866401684e-01,-1.510520926350687188e-01,2.796851759114904468e-01,-1.593842880624792013e-01,-3.089422826951804812e-01,-5.458934787729290417e-01,9.042392882741789872e-01,-5.317410629255520105e-01,-1.140176061258836748e+00,-1.931280814757483644e-01,3.537547829144937483e-01,-2.134044077319957045e-01,-4.394115056646701878e-01
8.546085204853862138e-02,-5.558510666352083351e-01,-3.587609443034127654e-01,2.316745361804098680e-01,5.728400196205927358e-02,-2.232249687467208754e-01,-1.366550606616043495e-01,8.792865427076571039e-02,6.641961713345523322e-02,-3.692830489820249085e-01,-2.465120569627552438e-01,1.479794445478529730e-01,2.276681577176129234e-01,-1.287813720263726536e+00,-8.168697453994435698e-01,5.390511090931091598e-01,8.581597414167838056e-02,-5.082497443520069824e-01,-3.141580331269475668e-01,1.867452139567351288e-01
-1.285736333488674554e-01,2.199169305820590850e-02,-8.280521251306330321e-02,1.408995528301850708e-01,-3.942737297445054329e-02,1.908348979461941403e-02,-4.200548777497724318e-02,6.181725027484759327e-02,-5.846461153877451078e-02,5.116503018451915019e-03,-4.461519451082181925e-02,9.605089359371071778e-02,-2.614783280866367354e-01,3.324573024347626110e-02,-1.916598243011456149e-01,3.543137301178996279e-01,-1.105551329908743413e-01,6.048691124874275987e-03,-7.285414638992071534e-02,1.400345292324055857e-01
-2.103742742480466943e-01,3.907350561513679432e-01,-3.320760818292481931e-01,2.848859665663303065e-01,-9.049796514542068904e-02,1.613795420976832928e-01,-1.061629406473940940e-01,9.022500631461979892e-02,-1.348020436299163516e-01,2.429054655513109562e-01,-2.071468160587828511e-01,1.714633406518740188e-01,-4.662128252263241235e-01,8.855427451926646265e-01,-7.265645209406873528e-01,6.438426568113068127e-01,-1.628025703297035220e-01,3.257748834569998420e-01,-2.891122082850375308e-01,2.441770005953383949e-01
-2.639552172178987952e-04,-6.813893164723924256e-01,-1.593945823829606145e-01,-2.308738445980076937e-01,-3.727447774306940666e-03,-2.355929970829541975e-01,-6.991122287673649793e-02,-9.792126816713206394e-02,1.649762911006921740e-02,-4.318009641992478498e-01,-1.004140777083148695e-01,-1.500839904965852456e-01,-2.932401387532598477e-02,-1.546891890651103774e+00,-3.831579409293893734e-01,-5.262426618423423630e-01,1.462549662867450653e-03,-5.874025769039767919e-01,-1.635287619002633586e-01,-1.978123984645722699e-01
2.718999326940990668e-02,8.042546275251671872e-02,3.564300510802730915e-01,-1.578845408483107726e-01,1.906247954166689212e-02,1.818600266612783317e-02,1.316630629164779742e-01,-6.045532880067110149e-02,2.206531601481159094e-02,4.475715647662590474e-02,2.288259054374693346e-01,-1.094946158658124946e-01,7.678197383181842306e-02,1.752720527846667598e-01,8.055776818656115168e-01,-3.431507614083177948e-01,3.189752238419411856e-02,8.321254165370528533e-02,2.992420551051606092e-01,-1.265297845766131246e-01
3.074920480863754801e-02,2.641033662736360643e-01,-9.484417359312967422e-02,4.008900847257941269e-01,-4.947487543116808884e-03,1.050544992512738030e-01,-1.742681534976365035e-02,1.652443196834029460e-01,2.071725472058825665e-02,1.717786734087773659e-01,-5.641980015372518448e-02,2.651022476081807411e-01,6.752869582075879396e-02,6.397597012179705445e-01,-2.089614347665627037e-01,9.413263121042355630e-01,2.335141740253087600e-02,2.392725676895672005e-01,-7.681785609071194176e-02,3.585660536091003769e-01
-2.234822669502081194e-01,2.747843829935822102e-01,-4.859509166564179861e-01,4.919668285487174830e-01,-7.524067437399743763e-02,1.105794810043481402e-01,-1.883518921880426300e-01,1.843503661289258300e-01,-1.589792880924762453e-01,1.660110291165843299e-01,-2.994088974325286867e-01,3.063660023821501710e-01,-4.798503305899261551e-01,6.237193866663026665e-01,-1.073035047946758969e+00,1.097018238017794189e+00,-1.918700066586580821e-01,2.493000200560762381e-01,-4.225818479082665280e-01,4.326555365157050415e-01
1.048087979482407450e-01,4.213064149782126400e-01,-2.051736496838447721e-01,6.822248195752664834e-01,4.930635146213047104e-02,1.598095149308406404e-01,-6.979437385766305846e-02,2.558082041802616780e-01,7.386994361970215806e-02,2.864643236804885751e-01,-1.411252141636588631e-01,4.486856425669417114e-01,2.463079010859223206e-01,9.599245356236808524e-01,-4.706202987463020126e-01,1.556862189270323160e+00,9.825979737206792797e-02,3.567382845091180976e-01,-1.867253306498042054e-01,5.873781421566491856e-01
-3.844734188134731889e-01,-2.733679745947864559e-02,-5.130135548909339205e-01,-1.465175953992915447e-01,-1.321466785235470842e-01,1.704656148027278509e-03,-1.922802079713274992e-01,-6.150001067978208558e-02,-2.569857237459088339e-01,-2.605487242063044342e-02,-3.417826115564813194e-01,-9.149051301171400030e-02,-8.556656420919148687e-01,-2.721592002397897614e-02,-1.175705688101633228e+00,-3.615362948969867429e-01,-3.210279574236162281e-01,-2.145233175196314263e-02,-4.644585891969285618e-01,-1.520947214625700539e-01
-2.659627646680162716e-01,-2.268924516380851630e-01,-1.368332852337628136e-01,2.674928221264414319e-01,-1.109351041624282858e-01,-8.230097493498919614e-02,-5.854921058502545600e-02,9.123609129532474216e-02,-1.731405370224629592e-01,-1.660485334095256338e-01,-7.584101690217549818e-02,1.676953616400901070e-01,-6.353168819045991178e-01,-5.025089233844828307e-01,-3.314802936850255177e-01,6.445570294228201158e-01,-2.511997749840803595e-01,-1.901882424571640362e-01,-1.341752721956052941e-01,2.457256739851970684e-01
-2.888760914477023212e-01,2.695594386091569872e-01,2.334993673378869816e-02,1.339388116071147938e-01,-1.225838139920319564e-01,7.503306252339142501e-02,1.021750997676321160e-02,4.528710179179504941e-02,-1.768545717692183161e-01,1.665332448335645477e-01,1.827474105669099971e-02,6.194546193182965538e-02,-6.518645004226049089e-01,6.211790218907626837e-01,1.034629778444740023e-01,2.813078157183493966e-01,-2.688577989586449779e-01,2.335475328207325951e-01,4.302741614223621475e-02,1.205113806910846352e-01
4.941526993615636965e-01,-2.240891339804311766e-01,-2.598642280161854792e-02,3.614920724845734901e-01,2.052282305256144801e-01,-9.134171442808253216e-02,-1.393637791514458664e-02,1.269275363617891617e-01,3.320850472444887846e-01,-1.366091386993301404e-01,-2.622005114229203002e-02,2.298612351178175583e-01,1.166308200246850113e+00,-5.048037639728027992e-01,-6.555280086739992407e-02,8.098115026630564595e-01,4.537758456435940224e-01,-1.869025104932529047e-01,-1.617881025120493366e-02,2.881396434130371054e-01
-4.676952948397345433e-01,-2.825721469170861533e-01,5.954843245457882572e-01,-3.925663762170705784e-01,-1.682040676208664265e-01,-1.202440143623686175e-01,2.226518857459849898e-01,-1.683188044017376872e-01,-3.202322637769535740e-01,-1.994241394209798623e-01,3.887963148970073890e-01,-2.600183104453302474e-01,-1.100037157060923976e+00,-6.552257991609603538e-01,1.364275487731519965e+00,-8.913312333494940454e-01,-4.169361209536878166e-01,-2.527565905466799268e-01,5.156528258554071709e-01,-3.418588347400143834e-01
2.001784965184042874e-03,-1.052166490927102238e-01,3.105825169502027805e-01,-3.650720651089127133e-01,-2.849666554096800392e-03,-5.064447072180127546e-02,1.214409315497328445e-01,-1.409959160587181404e-01,-1.107474616271935872e-02,-5.129188931700972426e-02,2.161291663426683773e-01,-2.343345396525935431e-01,1.051831920833843845e-02,-2.491489246179863781e-01,7.150293765284883030e-01,-8.262124640220286365e-01,1.278168834534509218e-02,-8.699744679868465225e-02,2.772783100825001457e-01,-3.181789596959780364e-01
-2.763017688249027048e-01,-1.759984026241008248e-01,-5.237142085169745886e-01,-1.173975395363589247e-01,-9.083050021699981547e-02,-8.295275837283729026e-02,-1.929500217974623733e-01,-2.725479672979799414e-02,-1.910310940582601313e-01,-1.221175062789239124e-01,-3.392795612460607346e-01,-5.759705093798109937e-02,-6.176056127953868380e-01,-3.789132954327884550e-01,-1.199655980715563341e+00,-2.580499518646675594e-01,-2.248147309432386165e-01,-1.452789667703789644e-01,-4.687586970995635260e-01,-1.144720414184838969e-01
-2.658440184729054523e-01,6.165620776412190640e-01,-1.297344900794656641e-01,1.954372240128566807e-01,-8.913046889953037122e-02,2.357057269165664104e-01,-5.125711903014642384e-02,7.934494980869791214e-02,-1.815017772286672826e-01,3.926377319575614644e-01,-1.040877110980514275e-01,1.386059347985997559e-01,-6.185947790556780568e-01,1.380002252601804980e+00,-3.323677168105866331e-01,4.597020673728734463e-01,-2.391544280996591443e-01,5.354315217218479361e-01,-1.330806217293592775e-01,1.635403633656597189e-01
1.275280150269188506e-01,1.752661878709713128e-02,-5.709600473139379156e-02,1.689316575363806333e-02,5.212730635835179094e-02,1.432055013705352264e-02,-2.059060010954687214e-02,-6.825872002111803977e-03,8.971864990989633637e-02,1.132730744315485309e-02,-3.406252026956122642e-02,2.439789972724215605e-02,2.981388205750791776e-01,3.203637772760258018e-02,-1.279991407767482603e-01,2.494932963410266893e-02,1.130109729739567359e-01,1.153681728805927911e-02,-6.078098218287409510e-02,2.462059109609187474e-02
-3.239910259336492571e-01,9.358162108602271004e-03,6.706979589318827484e-02,4.433716567084030058e-01,-1.282952187680547196e-01,-1.302266562427397724e-02,1.994195886853358107e-02,1.733734861912611391e-01,-2.064929708182889900e-01,4.871484201125238570e-03,2.959098328999202471e-02,2.929428725074942896e-01,-7.475394153942915842e-01,1.939434972199593696e-03,1.511002274806162726e-01,1.017978875048838550e+00,-2.777617843217994320e-01,-5.436968976568105384e-03,4.939902713485234964e-02,3.973872288417563126e-01
-2.705081062440563636e-02,2.027534267493705522e-01,-1.611063197431427674e-01,-8.043754362846274042e-03,-1.289111205008333649e-02,9.607859614274061322e-02,-7.078710486183031891e-02,-1.853635643957671567e-02,-2.796306355839343893e-02,1.253310752033270636e-01,-1.111978339194933524e-01,-3.970474206686946950e-02,-5.870735936376351299e-02,4.600253043101961148e-01,-3.797876743165111701e-01,-9.679970747356073102e-02,-2.641945209905065609e-02,1.977978398639116397e-01,-1.499153263710724937e-01,-3.343066993005461979e-02
-8.287126350424364185e-01,4.024564540801971457e-01,7.559006443014235077e-02,2.580256029104655013e-01,-3.062161885845491316e-01,1.422960459869331562e-01,3.054536086063661462e-02,9.111796054195683836e-02,-5.288689539195269296e-01,2.773693050122236214e-01,4.965213656620343086e-02,1.695527836176827785e-01,-1.867211922008929159e+00,9.335068103321484401e-01,1.297084034217065307e-01,5.617711833033900426e-01,-7.148964837614618650e-01,3.606909647849438905e-01,4.758846824555452298e-02,2.212681378964267420e-01
3.253463901383793488e-01,2.777116021884432073e-01,-1.708802483808692929e-01,3.614076622065336974e-01,1.262937082214461992e-01,1.052830997340581665e-01,-7.048666429257278987e-02,1.306024507615081987e-01,2.055865578411008587e-01,2.002037253401904304e-01,-1.416411558381045210e-01,2.293858358475834858e-01,7.776572060728521585e-01,6.856947927806442689e-01,-4.431720434929342090e-01,8.528463485331202465e-01,2.928961935464088895e-01,2.551819004102534594e-01,-1.895707496200059183e-01,3.276584197611898674e-01
-2.445366440621746518e-01,-2.341925753044122871e-01,1.306151795336505939e-01,3.064038055013275086e-01,-7.768173965539042214e-02,-9.815987259840622259e-02,6.552798128804615541e-02,1.346361149716318040e-01,-1.479902112373940593e-01,-1.760109322574887614e-01,8.630484886224902563e-02,1.915509394732917148e-01,-5.580628692235400923e-01,-5.674650286652983544e-01,3.127723990249376418e-01,7.149281366558699613e-01,-2.050202844786825906e-01,-1.990721681061730641e-01,1.173225500281890182e-01,2.830142449629340362e-01
3.952617759268161057e-01,4.878695496194676573e-01,-7.192349898658872975e-01,7.213556933582827846e-02,1.486093928445810786e-01,1.961112346447997368e-01,-2.679946520349383299e-01,2.155867722530870403e-02,2.677036960096226825e-01,3.240121958831969629e-01,-4.629026985084273571e-01,6.827092449993137080e-02,9.136803603440746269e-01,1.158138316963675196e+00,-1.657773803197943652e+00,1.606974599826883343e-01,3.494801574453903492e-01,4.415415067800871896e-01,-6.387807753411900435e-01,8.302963679820778153e-02
7.099210472525127602e-02,3.199973395166791912e-01,4.843148614838989618e-01,1.616540893142767998e-01,5.346940071485595941e-02,9.930053618785465719e-02,1.895500025738716676e-01,5.594588111290308557e-02,4.521387750229250574e-02,2.153554584634149449e-01,3.238294501506133183e-01,1.000128426250446595e-01,1.973033351630823495e-01,7.636333459091162457e-01,1.156300535965592013e+00,3.409892614152677526e-01,6.291726694649349416e-02,3.034783306472612074e-01,4.634328991913762574e-01,1.438139496933719952e-01
-2.825892190870745724e-01,-1.145030039559689766e-01,-2.213405591758702551e-01,4.661427645434942924e-02,-8.836981694465990966e-02,-6.435261974056367962e-02,-8.238718621158538924e-02,2.844771023618507949e-02,-1.717163673924667622e-01,-7.513117363342652899e-02,-1.590406573621854502e-01,3.426703254958565065e-02,-6.413711051328859769e-01,-2.589925657256897940e-01,-5.520027480283269394e-01,1.340126181831028662e-01,-2.498943772222003146e-01,-1.011466143630947861e-01,-2.159667080016286211e-01,5.085739271127852346e-02
-1.624180311829238610e-01,1.266136246278160016e-01,1.875618993612958307e-01,-6.810254532449432352e-01,-7.351091363826450786e-02,6.079866090351364327e-02,6.739400110469451199e-02,-2.419628285354895325e-01,-1.146611440521651953e-01,6.737316492287800940e-02,1.150259171240020500e-01,-4.247977517943493098e-01,-3.669308317924070972e-01,2.560140706549787759e-01,4.140487161967835728e-01,-1.596306161094452225e+00,-1.577563087983471779e-01,1.080716867365713041e-01,1.597450756990957677e-01,-6.227960235632807873e-01
-2.714292327236473082e-02,-3.093058239592085812e-01,-2.900954647896140104e-01,6.367470597315108005e-01,-3.150464648498127462e-02,-1.136383166957646851e-01,-1.195855001538351642e-01,2.346690035505348271e-01,-7.666571883717478164e-03,-2.152302021967887335e-01,-1.967409065304866200e-01,4.324689038659871310e-01,-7.044669331372466203e-02,-6.943698529524988672e-01,-6.909708250543254993e-01,1.461217510227283745e+00,-4.826222092822456122e-02,-2.664771374468440923e-01,-2.628709092889449095e-01,5.600025553814913515e-01
-2.131760700179435031e-01,4.903787974521654491e-01,-1.864532867197289945e-01,5.593079166299864957e-02,-6.308833939861915874e-02,1.856461978602456930e-01,-7.781119502308224412e-02,3.269255112423960496e-02,-1.319493777477468155e-01,3.175711904378464290e-01,-1.291640194549169007e-01,3.650835498638491106e-02,-4.616302177351738756e-01,1.155327096689931832e+00,-4.277324186511448079e-01,1.298329221284822699e-01,-1.849822458219216592e-01,4.408480794738905417e-01,-1.721723932731405171e-01,6.873311073825652540e-02
5.325228282909233446e-02,-2.805522394848160017e-01,3.878362406765595294e-01,1.912388967435597054e-01,3.413397220734071258e-02,-1.110531314238013129e-01,1.601145487521808963e-01,8.301904807379277551e-02,4.849769881229498009e-02,-1.773852945613459409e-01,2.437910449750713693e-01,1.159708866745228079e-01,1.434404553129909610e-01,-6.307737829055896084e-01,8.942864364032807600e-01,4.218128475666358401e-01,6.734405528719981937e-02,-2.279932215502410708e-01,3.440044372383874172e-01,1.396323979770703605e-01
-1.729323704015295685e-02,-6.767568334473536562e-02,4.506672139938455168e-01,7.615609544020021660e-02,-7.957523149871002094e-03,-3.587320341482248126e-02,1.697500784895249470e-01,3.778772966737339173e-02,-3.147382658606398802e-03,-4.627808910186647501e-02,3.121060363321742082e-01,5.022899416146321683e-02,2.202748174410878133e-03,-1.799562890108051538e-01,1.021137786719155782e+00,1.786202756032680972e-01,-5.680489347759998253e-03,-6.832091705581828933e-02,3.976249803049514697e-01,8.335902816922850789e-02
1.775395785924109848e-01,8.349820160923368539e-02,3.301708133139099610e-01,-2.304251281346245128e-01,8.066600447487004555e-02,7.280258490781493091e-03,1.146550115106108880e-01,-6.872407432501453917e-02,1.085631164107996732e-01,4.365835273310419984e-02,2.007528340800986688e-01,-1.476243575491242022e-01,4.298604573916252614e-01,2.022423707400719528e-01,7.367137143767255036e-01,-4.937128152464893005e-01,1.762524396925439496e-01,8.480592973431420878e-02,2.777865763311124225e-01,-1.823279787890680625e-01
3.003500855955109072e-01,4.596162653882103766e-01,-1.118983571419956691e-01,1.520236802860045755e-01,1.024808808786473180e-01,1.615939000161564221e-01,-2.975656200913451982e-02,3.966931770825238290e-02,2.077138274579371502e-01,2.975136476987539913e-01,-7.764840777849307818e-02,7.922803243534531914e-02,7.171871987203095600e-01,1.054410368249293350e+00,-2.826602477392726742e-01,3.098680883296106026e-01,2.616413271084607750e-01,4.260785371554265955e-01,-9.849547710638850706e-02,1.253622848929405453e-01
-1.021739772112201239e-02,-4.443929050855278950e-02,-2.870705271962777361e-01,-2.154209080410046107e-01,-1.183038693738604208e-02,-1.441333487079055758e-02,-1.003178307114960810e-01,-7.978492034856830839e-02,-1.605319299522339066e-02,-4.814523948729509950e-02,-1.765711418935877741e-01,-1.543813744041485914e-01,-3.593669988346031435e-02,-1.068312956551703830e-01,-6.465909539626691904e-01,-5.326762504151694166e-01,-1.546904611589577407e-02,-5.341682011046081091e-02,-2.596300583163583253e-01,-1.891656913961357600e-01
7.582025261876335076e-02,-1.729787893009407107e-01,3.472995016232687804e-01,-6.558758084341071992e-01,3.263252277465271411e-02,-6.124793314150069751e-02,1.543228624015967332e-01,-2.517225391018276803e-01,4.471351199404808435e-02,-1.348744346758294077e-01,2.264890380242235435e-01,-4.177028225845265119e-01,1.431516800266977862e-01,-4.151011913188789038e-01,7.918635683011571169e-01,-1.502100719370599080e+00,6.781263576263524273e-02,-1.492338791506427065e-01,3.010794996090462861e-01,-5.563388730690302930e-01
4.560068389693681945e-02,2.123993940934879587e-01,7.795996757666315280e-02,5.705281157584404794e-02,4.781674375557497941e-03,7.112275960856791202e-02,3.077479828929175973e-02,1.749529663168167964e-02,1.749390998583456869e-02,1.262432923869302170e-01,5.374141409396097219e-02,3.718412592082388779e-02,1.180028580541981065e-01,4.617465630614018823e-01,1.732515545957250824e-01,1.354692752766904762e-01,2.896169942130782243e-02,1.783094795334490001e-01,6.613427536830350506e-02,3.947085077140436576e-02
-1.146055564516544473e-01,2.980044468138335345e-01,-8.228570304740255581e-02,8.432292027322993433e-02,-4.898564050252349200e-02,1.323217279063328977e-01,-2.094018616310951847e-02,2.485671089600719266e-02,-7.762804003792146690e-02,2.039508396801582024e-01,-3.381351025374383645e-02,3.130723686292365138e-02,-2.877534051420748140e-01,7.316532790134107067e-01,-1.477403896738125888e-01,1.661567934349330589e-01,-1.124291610397597230e-01,2.834618670772387494e-01,-6.072411886336348541e-02,5.058852440805773620e-02
5.897904751614684721e-02,-2.120577987145786103e-01,-9.206197817662463423e-02,2.612802377812046273e-01,2.008471392004685524e-02,-7.914536229668645007e-02,-4.732726131561316302e-02,8.469684645267958056e-02,4.395637489025538969e-02,-1.205338893323613381e-01,-5.356447857210656915e-02,1.728428694479644534e-01,9.431608848079216234e-02,-4.641353411282483910e-01,-2.269003849817719520e-01,6.107021101045543299e-01,2.681051091858597038e-02,-1.780503312498016855e-01,-8.066120278862159987e-02,2.360481723674917043e-01
2.665092387835440446e-01,4.710772764657548684e-01,4.599917744344329124e-02,2.351595764458377924e-01,1.047083557242497048e-01,1.778019282702995585e-01,6.715127819882853004e-03,7.485412469303913408e-02,1.753239969406569787e-01,3.180086559359320275e-01,2.627278902679403699e-02,1.602262267947464347e-01,6.243642977289380891e-01,1.101170206527480433e+00,8.181273164445179713e-02,5.246191111986840960e-01,2.331879140225201208e-01,4.351770554004313896e-01,4.129549480005947903e-02,1.814944766544611954e-01
6.987583422973604463e-01,1.585655041879058813e-01,1.032315201632969109e-01,2.363077365377384831e-01,2.589023314503308137e-01,4.701089427376950458e-02,3.284171053298506893e-02,1.071169344622022179e-01,4.634378673901198287e-01,1.069140092178026691e-01,5.088548249516355870e-02,1.351068800247686164e-01,1.613928547391849877e+00,3.967597979070621173e-01,2.044410515975092768e-01,5.344845648656006976e-01,6.110743494496360118e-01,1.467574648882762900e-01,6.986267167946626222e-02,2.058128492585646618e-01
-6.118062065431441043e-01,2.471708143240385069e-01,3.857875885851982239e-02,1.130758446948649520e-01,-2.318423092876613356e-01,9.990881577513686940e-02,1.165273843548364323e-02,2.974488955560090561e-02,-4.015372767845900581e-01,1.711776496443766504e-01,2.321114671206538776e-02,7.730563325000582020e-02,-1.396184078313147836e+00,5.853435503791419858e-01,6.013454600173079312e-02,2.754847905552465503e-01,-5.318566218838626236e-01,2.216636904856615908e-01,2.711827832344153311e-02,8.557526254770683738e-02
1.334154430195615693e-01,-5.854435550274136313e-01,-2.658362247503793241e-01,2.577261010243446782e-01,5.356791240742531796e-02,-2.177098898824990081e-01,-1.118539220168285053e-01,9.900549189656711324e-02,8.042760907314185082e-02,-3.896045487895068993e-01,-1.507172564056506736e-01,1.570165141251484153e-01,2.746469321062775526e-01,-1.353109182275830769e+00,-6.232733875119106370e-01,5.687317987247622053e-01,1.210484257589179991e-01,-5.151659795167998768e-01,-2.197764660563837347e-01,2.156361714841987243e-01
2.691514062777742300e-01,-3.582069059919359422e-01,3.274397892091834295e-01,-2.177385743364874393e-01,1.065218671976090048e-01,-1.384039356951059230e-01,1.268916309709910983e-01,-7.068665798028705982e-02,1.761941958370443206e-01,-2.480072608162290637e-01,2.070639445693036595e-01,-1.378685011811740246e-01,6.398770577134373916e-01,-8.425787481241459043e-01,7.513616775835194606e-01,-4.898949913472678830e-01,2.552226457126529624e-01,-3.161800595926478330e-01,3.178000422110699441e-01,-1.899113866584193622e-01
-4.593254966246367865e-01,-2.176608945347086876e-01,1.115058347034731390e-01,1.266776393101258780e-01,-1.706893231995051108e-01,-6.371153078844105089e-02,4.040174899984974588e-02,3.262660536394182409e-02,-2.975812919771584908e-01,-1.233509999103466759e-01,6.240086400477399403e-02,7.617522290292828846e-02,-1.064985496074818183e+00,-5.097625845110520526e-01,2.197049504099889972e-01,2.956205096071338190e-01,-4.058973285928830776e-01,-2.050226408838200787e-01,9.750004700839887128e-02,1.107999732401637183e-01
2.588108075548457010e-01,1.212485417946431165e-01,1.926418702328652477e-01,-2.635007525316996890e-01,8.700747873904876584e-02,4.883319784329209073e-02,6.578906502429594794e-02,-1.020549972079767276e-01,1.613680879365927134e-01,5.645670320655421515e-02,1.336676360283617360e-01,-1.709553236579811342e-01,6.060476775779390923e-01,2.779149391643710998e-01,4.744028703819298531e-01,-6.125545856261144229e-01,2.152054517520261556e-01,1.128989559249482522e-01,1.914075156350474871e-01,-2.551249275691743201e-01
-1.206054893721014189e-02,5.338476872086688196e-01,-3.653964024745010586e-01,-5.422621466949156810e-01,3.235490157354223989e-03,2.242749486133321923e-01,-1.519694326029090714e-01,-2.043778568601623546e-01,3.824107680391831618e-04,3.713384884468772795e-01,-2.447467342925567224e-01,-3.630170826471010859e-01,-2.508323035638383366e-02,1.246241310051240392e+00,-8.825666032049174214e-01,-1.282940815631167908e+00,-1.850098143529007449e-02,4.792065366244163127e-01,-3.331190121259688386e-01,-4.827536263032243813e-01
-4.671857512556197856e-01,-2.658255980023442877e-01,1.357200272301762323e-01,-2.409876150129457439e-01,-1.841969519874420980e-01,-8.088674256185109102e-02,6.149567377819552261e-02,-8.636019264021901898e-02,-3.125382600093979391e-01,-1.737114955234907998e-01,1.084991035794342779e-01,-1.599895622387243754e-01,-1.104954811839612194e+00,-6.056322345461440104e-01,3.500104413543476678e-01,-5.839232900785293889e-01,-4.008151660638651914e-01,-2.397103755300502570e-01,1.229966983816945802e-01,-2.343664516112913820e-01
-1.777684037883208723e-01,-3.620755905419716369e-01,-6.385564101342090515e-01,2.616097953244992946e-01,-4.925761847763842488e-02,-1.332802287389581730e-01,-2.299510500657536705e-01,8.549796718367366766e-02,-1.338566697864119193e-01,-2.391393922604085898e-01,-4.202862413360555216e-01,1.619192420889135342e-01,-4.206770176042157194e-01,-8.121583301311535719e-01,-1.463628090204966981e+00,6.003309026159660000e-01,-1.566330737812448859e-01,-3.198878031868892524e-01,-5.778088948429420668e-01,2.394910798245688255e-01
2.842701466350359141e-01,-5.588291065146344661e-01,9.680876664081455862e-02,-4.154586709645660680e-02,1.141323957552461549e-01,-2.107932306218197049e-01,4.102891995305880252e-02,-1.790359975842504767e-02,1.747670680099822071e-01,-3.782235033319289452e-01,4.288740253230192284e-02,-1.846458044543686575e-02,6.817578322921984402e-01,-1.264496124943272459e+00,2.267038541150395992e-01,-1.036939010379016174e-01,2.650806723464066428e-01,-4.975283275375045333e-01,8.772938490377429899e-02,-4.229687076988240119e-02
3.645440664141381126e-01,6.438123956827619329e-03,1.137089088944049226e-01,-3.052697668932489727e-01,1.463139901558249412e-01,1.364495724264326061e-02,5.766216186738663124e-02,-1.269402958392973901e-01,2.497717684434618002e-01,-9.387482061662177912e-03,9.231279969648875650e-02,-1.992161954681890834e-01,8.369090528782361371e-01,-2.630554967828670210e-02,2.813744949679980456e-01,-7.141397649643840273e-01,3.222987380998530993e-01,2.890814904904372151e-03,1.193148251143230226e-01,-2.753265781178133587e-01
1.232274306450508311e-01,1.798888965183038924e-01,3.286489738379057557e-01,-1.422887357729849256e-01,3.181426789318841930e-02,7.599291236412747397e-02,1.407259775661214851e-01,-4.221028555548466538e-02,7.058181614626286848e-02,1.244515672262312411e-01,2.109212175596303918e-01,-9.368542032339159664e-02,2.746850289078249241e-01,4.410987162973146192e-01,7.988892738132170601e-01,-3.266562588883524798e-01,1.057014282958926021e-01,1.464711751806146711e-01,3.078730947010995811e-01,-1.278100656663113677e-01
-4.091989461879944057e-02,-5.849825612273234360e-02,2.820386844468966703e-01,-3.488836614423116989e-01,-1.947371099558213234e-02,-1.554231270295161442e-02,9.746845777982475478e-02,-1.400399005688105769e-01,-3.294854089855069751e-02,-2.387825137443009074e-02,1.863559677754380861e-01,-2.329214089232019558e-01,-7.845144842611040392e-02,-1.087457542071836453e-01,6.921350513199472365e-01,-8.010723400511010617e-01,-6.282419625564017451e-02,-2.849493740000592218e-02,2.636399367293419393e-01,-2.928950058580787608e-01
-5.049167248572156153e-01,-5.213652251599731197e-02,3.393329013393839855e-01,-8.021338678977824044e-02,-1.766648062370251293e-01,-1.235704536541511536e-02,1.327364057650297080e-01,-2.391275885916542554e-02,-3.209459207591070506e-01,-4.361160750481359039e-02,2.060260134288441347e-01,-4.944868031597066810e-02,-1.134322423780975697e+00,-1.158997085755863882e-01,7.725419099665665756e-01,-1.649005637675856062e-01,-4.326893326362591941e-01,-4.713213992708210898e-02,2.915900709804870594e-01,-7.957853836821790483e-02
-5.227271691501239603e-01,9.172686200549981517e-02,3.296573048131530292e-01,3.010419173700648598e-01,-1.945798348159398228e-01,3.121429239424288599e-02,1.344511699572954189e-01,1.110281598713340617e-01,-3.351795503307828383e-01,6.458788191183569005e-02,2.207031997911339527e-01,1.937560680478032926e-01,-1.173582313947132860e+00,2.175018244779890197e-01,7.764233134357675370e-01,7.175552374248118648e-01,-4.447947177617308512e-01,7.684296959567248064e-02,2.972524081272729934e-01,2.886557408372113498e-01
-2.118492642843643747e-01,-1.494490469100100971e-01,8.733156341162380543e-02,-1.367736002158188302e-01,-7.898449154321085519e-02,-5.977052532969879400e-02,4.461732293918069248e-02,-6.773684428280421499e-02,-1.369580675868780351e-01,-9.468605542745554826e-02,3.831839212721244864e-02,-1.097249337438847699e-01,-4.938672898338725692e-01,-3.648897593562828723e-01,1.851543134690477321e-01,-3.581059174288799274e-01,-2.057974973322849732e-01,-1.255252551637643654e-01,7.662015243057970770e-02,-1.275527464438441227e-01
-2.840011062267790154e-02,7.360474517442792131e-01,4.573022392794676705e-01,-5.491958578949608649e-02,-7.906129266243672529e-03,2.713661641278851122e-01,1.715275378772732895e-01,-2.146698395788084954e-02,-8.525542510042026512e-03,4.713089276467393174e-01,3.126489670968730650e-01,-5.521095424532217188e-02,-3.374495160109438480e-02,1.673142185633717194e+00,1.093706156791052209e+00,-1.322612243836557566e-01,-1.737262236196215198e-03,6.203658335076921437e-01,4.200167442653067740e-01,-5.555504930640246808e-02
-1.018975951434629157e-01,-1.187511887488916645e-01,8.580096228259399826e-03,2.094963435364312898e-01,-5.838628309241583603e-02,-4.142812492099608862e-02,-1.905667434873389897e-03,7.088018967283450655e-02,-8.241771366503178320e-02,-6.702414625207091248e-02,1.136126534436787683e-02,1.318721962386338598e-01,-2.574539231605200151e-01,-2.311431684842250589e-01,-2.253263452125765787e-03,4.664880950341448451e-01,-7.786765602235048989e-02,-7.906407304414264647e-02,1.426709762732340141e-03,1.909468799061985744e-01
-9.096939953310897997e-02,3.278413059000602203e-01,2.065502769637219127e-01,3.128519409353140990e-01,-4.932283196966494310e-02,1.149458207715057523e-01,7.922199312130717708e-02,1.106611727576450738e-01,-3.265749056748422363e-02,2.021811250473402322e-01,1.409112183320594958e-01,2.014623248854542636e-01,-1.992153409804870989e-01,7.326932146399928181e-01,4.398710188327619175e-01,7.357998409831268960e-01,-7.529119553602608983e-02,2.850115680511841054e-01,1.599470198696566481e-01,2.956836230794256948e-01
1.159002564543952229e-01,1.654785244713150374e-02,-6.308579534494244134e-01,5.722265992828573511e-01,4.582081296104668910e-02,1.619004522253753020e-02,-2.380993016738745804e-01,2.304043099148838092e-01,8.180299340418961673e-02,4.326481750101062590e-02,-4.162205986499161181e-01,3.713409048149988179e-01,2.829753449260480891e-01,9.839084717154009119e-02,-1.466215243010632552e+00,1.320379141128347866e+00,1.119129545369814821e-01,4.410266647815564572e-02,-5.614043331844973395e-01,5.018599359433909557e-01
3.943795688791021381e-01,-5.740880440919340355e-01,2.555757623721732208e-01,2.783563767578489320e-02,1.470437686823068968e-01,-1.976968095678222626e-01,1.095057101276714628e-01,1.216376624157845636e-02,2.593306007478193287e-01,-3.610675921990021964e-01,1.792184559094891771e-01,2.697589437507787874e-02,9.119402082371573792e-01,-1.287117162848974150e+00,6.221230361991004765e-01,7.662929335830595545e-02,3.573462299177044277e-01,-5.008336867160869676e-01,2.289779137087448457e-01,1.816661306582761926e-02
-2.998210765402082451e-02,-3.903781019436500799e-01,2.122153737837526033e-01,4.044266494571714388e-01,-2.273655623949477969e-02,-1.465210407694335082e-01,8.491114713618766463e-02,1.543819239505396512e-01,-1.746197660897871873e-02,-2.450094711866246111e-01,1.351054351806386666e-01,2.749290867768809377e-01,-6.429217073390933179e-02,-8.848796852907110377e-01,4.840724566452825894e-01,9.431436002558429843e-01,-1.835702718119192750e-02,-3.404004673273042791e-01,1.971164893768387882e-01,3.745050091241020618e-01
1.905725569362980154e-02,5.533885461773511150e-01,9.149344983911429641e-02,-1.329001386220141356e-01,1.084155940140433573e-02,2.248608539586972321e-01,3.076253135061102553e-02,-3.369465971231644374e-02,5.559601264895292286e-03,3.680832992495792766e-01,5.780850943032492251e-02,-8.316209070903535228e-02,5.219604231608267197e-02,1.285335549420643320e+00,2.019849181195215726e-01,-2.717425266955645347e-01,2.863752500186372840e-02,5.013956711047695691e-01,7.204682971431118632e-02,-9.826122075584130255e-02
1.859895316381466879e-01,-5.645401440065848236e-02,2.212751040913456813e-01,-5.545208835808752845e-02,6.571047247904712729e-02,-3.367810635420055709e-02,7.146278415217070801e-02,-2.011928953433691353e-02,1.203839663195479109e-01,-2.836004157501274131e-02,1.062560429732350986e-01,-4.410502529789760151e-02,4.386423941234676716e-01,-1.078216955585167142e-01,4.519488918848709735e-01,-1.644226860476044050e-01,1.726154695067385614e-01,-2.825835109464104947e-02,1.821836657122586356e-01,-5.639143412300484659e-02
2.709485333821591291e-01,-1.763221547877070680e-03,1.889062449933970322e-01,-2.539140547468556330e-01,1.114297178771628399e-01,-6.580551838090722278e-03,7.750161993703344465e-02,-9.595060325231651033e-02,1.723031484680234704e-01,-1.197411488739849811e-03,1.484441508998456116e-01,-1.617765225944176322e-01,5.903945822060078230e-01,7.681427481905745563e-03,4.275895444102413290e-01,-5.994862467427751751e-01,2.358344277462960659e-01,1.569598300316341630e-03,1.736363624232417080e-01,-2.318080161931682648e-01
-2.318015655928368224e-01,-9.566827827380409988e-02,7.542492780159835986e-02,3.712064137014169929e-01,-7.695564088389979240e-02,-1.338189401577035212e-02,3.132107082099366141e-02,1.141327013757091058e-01,-1.641561192668720137e-01,-3.212851151597950761e-02,5.850690905768722583e-02,2.355005970524968462e-01,-5.440838712866167270e-01,-2.225038022798054294e-01,1.956641776628226248e-01,8.487744279619512389e-01,-2.155361224765408312e-01,-6.659076506676389617e-02,8.749026913675614359e-02,3.190633077375263915e-01
7.753392343468399339e-01,1.378613503627728887e-01,9.441000623369170952e-02,2.762593693793145011e-01,2.887342288113671218e-01,3.445154668982497448e-02,3.710493466095480392e-02,1.127416051763809463e-01,5.169224812087258591e-01,8.778550750978253436e-02,5.051181474095971236e-02,1.928572364706834796e-01,1.767232256426566561e+00,3.168010065664721986e-01,2.119154119252640023e-01,6.687456520953621864e-01,6.983212965151133211e-01,1.049578403506610941e-01,5.659663039258917838e-02,2.386690617056086150e-01
-3.671770406678333265e-02,-2.624771122639070753e-01,-6.276248796861363388e-01,-1.563933044920816917e-01,-1.626811721007324560e-02,-8.222299670684257711e-02,-2.407303967903328679e-01,-5.776667428895867346e-02,-1.321093128564997977e-02,-1.645930880476914049e-01,-4.227458485013046996e-01,-8.746038317416324204e-02,-1.002959090366507128e-01,-5.791589999668664834e-01,-1.429632073140437498e+00,-3.093804518571207085e-01,-3.743436204048638388e-02,-2.390708468431395617e-01,-5.499859946898867369e-01,-1.199427236697898774e-01
3.850012098829994622e-01,-4.365668377958786123e-02,3.915439145584007075e-01,1.975093502525912259e-01,1.315246562398740826e-01,-7.576402551792085424e-03,1.451485265370042743e-01,7.006517209161630677e-02,2.565072906171160794e-01,-2.230282782657018112e-02,2.425851825505537795e-01,1.254151738798063298e-01,8.475578383996454912e-01,-8.632814360526437636e-02,8.665646491843425059e-01,4.837060721020129406e-01,3.098004014688974239e-01,-3.673582367938663107e-02,3.558567405153652552e-01,1.928922821081434646e-01
-7.522806238788971867e-02,1.043014745746168037e-01,-6.386198783745784535e-01,-4.697356015174550814e-01,-4.025187813341574161e-02,2.389867731101298978e-02,-2.303827200534572794e-01,-2.013158156470579441e-01,-5.802632088002823013e-02,7.939586199390320786e-02,-4.205163282630862698e-01,-3.080881565456123905e-01,-1.692334494215067264e-01,2.400921465702482716e-01,-1.502127421195956103e+00,-1.098569729161846142e+00,-5.122779668236626671e-02,1.017040680989281104e-01,-5.799011585504897370e-01,-4.243904578556706997e-01
2.937819156165323298e-01,-1.994938774392139291e-01,-4.043821969779605729e-01,2.459539944818866786e-01,1.255045397564142073e-01,-8.878468534461009254e-02,-1.466206047508636923e-01,8.820650506464040863e-02,1.999039998564966780e-01,-1.186980124192083402e-01,-2.503350870551186991e-01,1.498143151934011041e-01,6.392679381396833005e-01,-4.366393184387337700e-01,-8.916076424998211625e-01,6.055599829743455453e-01,2.484590330957302251e-01,-1.617626849979486026e-01,-3.434119294301717362e-01,2.268179552275167710e-01
-3.561931204993055711e-01,-1.377222141876437711e-01,-3.996761888739767954e-02,2.242939185005551339e-01,-1.396032597537676390e-01,-6.887469321219569229e-02,-5.874628934549323139e-03,8.700018021931658907e-02,-2.276705021385888594e-01,-1.027430578168363057e-01,-1.449823540351659681e-02,1.426500208731008856e-01,-7.901514567834536651e-01,-3.251228360472144807e-01,-6.571385865204074084e-02,5.408522981461050261e-01,-2.987957953732094385e-01,-1.120773124662631653e-01,-2.230683385529954113e-02,2.105103001142978880e-01
-1.722574327992656140e-01,1.206347439468891392e-01,6.703030121644507067e-02,-1.279121563566042730e-01,-6.845448322027029853e-02,3.659057273135165461e-02,1.771781373332833448e-02,-5.107884296208168445e-02,-1.137658517306894684e-01,5.782161968236269878e-02,3.382217405794878812e-02,-9.562497485570010947e-02,-4.085907913674605152e-01,2.443233120455517438e-01,1.262986072381052927e-01,-3.191100687181663287e-01,-1.627935785065420804e-01,1.051707906562901890e-01,5.651828931496412356e-02,-1.215290039699803842e-01
-4.598535571742641270e-01,4.318218134623372229e-02,-1.579632536050754321e-01,-1.213420353825066106e-01,-1.608374881666720380e-01,2.987907287176316817e-02,-5.882456996736310645e-02,-4.668390223162752900e-02,-2.922551550596361736e-01,5.799734738432537479e-02,-1.026867659412260547e-01,-8.408587481945298259e-02,-1.007305716545388252e+00,1.538701170251083328e-01,-3.345692800437792824e-01,-2.766037034927749660e-01,-4.051683485037453902e-01,7.392584162505565215e-02,-1.347502372113852653e-01,-1.065800361658700290e-01
